Window,N,Mean_CAR,t_stat,p_t,BMP_z,p_bmp
m1p1,2394,-0.004582652378504596,-5.413069800097796,6.81257162272195e-08,-5.380839792702239,7.41391539271774e-08
m3p3,2394,-0.008801146564728654,-6.1329091603769905,1.0065004358199864e-09,-6.219771461150834,4.978795153931515e-10
m5p5,2394,-0.008083555470457526,-4.302192816739129,1.7590978839255438e-05,-4.419592738611626,9.888707946936748e-06
m10p10,2394,-0.0005346600614328683,-0.17830813145175753,0.8584960861271829,-0.09683671022243508,0.9228560703764843
0p5,2394,-0.0056541484269945095,-4.338979739669234,1.4908924860517794e-05,-4.474351381075582,7.664361360015803e-06
