Rebalance,Quintile,N_prev,N_kept,Turnover
2023->2024,1,40,31,0.22499999999999998
2024->2025,1,48,42,0.125
2023->2024,5,40,34,0.15000000000000002
2024->2025,5,47,38,0.19148936170212771
